review,sentiment
Absolutely love this product! It exceeded my expectations.,positive
Terrible quality. Broke after one use.,negative
"It's okay, does the job but nothing special.",neutral
Fantastic! Will definitely buy again.,positive
Not worth the money. Very disappointed.,negative
"Average performance, decent value for the price.",neutral
Highly recommend! Great value and quality.,positive
"Poor packaging, but the product itself is fine.",neutral
Exceeded expectations. Works like a charm!,positive
"Meh, it's just alright. Not great, not terrible.",neutral
Worst purchase ever. Complete waste of money.,negative
Awful customer service. Never buying again.,negative
Disgusting quality. Fell apart immediately.,negative
Hate this product. Regret buying it.,negative
Amazing quality and fast shipping!,positive
Love the design and functionality.,positive
Decent product for the price.,neutral
"Okay, nothing special but works.",neutral
Great experience overall.,positive
"Horrible, don't buy this.",negative
